{
  "project_info": {
    "project_number": "291564570758",
    "firebase_url": "https://expense-app-7eb2e.firebaseio.com",
    "project_id": "expense-app-7eb2e",
    "storage_bucket": "expense-app-7eb2e.appspot.com"
  },
  "client": [
    {
      "client_info": {
        "mobilesdk_app_id": "1:291564570758:android:7dc7573c3c77823ce06907",
        "android_client_info": {
          "package_name": "edu.iastate.adamcorp.expensetracker"
        }
      },
      "oauth_client": [
        {
          "client_id": "291564570758-cvrghl7h5hnnp20nod5nuafn5bqa5j90.apps.googleusercontent.com",
          "client_type": 1,
          "android_info": {
            "package_name": "edu.iastate.adamcorp.expensetracker",
            "certificate_hash": "696662acda707daea90c274442d2ede3fdbadf18"
          }
        },
        {
          "client_id": "291564570758-p89l6fn1dlgkhqt41kcum1i91eu00tjf.apps.googleusercontent.com",
          "client_type": 3
        }
      ],
      "api_key": [
        {
          "current_key": "AIzaSyBAXDyzRfImyLHvXZkPTh3SIno58il4R-o"
        }
      ],
      "services": {
        "appinvite_service": {
          "other_platform_oauth_client": [
            {
              "client_id": "291564570758-p89l6fn1dlgkhqt41kcum1i91eu00tjf.apps.googleusercontent.com",
              "client_type": 3
            }
          ]
        }
      }
    }
  ],
  "configuration_version": "1"
}